{"name":"68e79723-4245-4bbf-b020-207d552a2735","id":"/providers/Microsoft.Flow/flows/68e79723-4245-4bbf-b020-207d552a2735","type":"Microsoft.Flow/flows","properties":{"apiId":"/providers/Microsoft.PowerApps/apis/shared_logicflows","displayName":"Consolidate Syncro Timers","definition":{"metadata":{"workflowEntityId":null,"processAdvisorMetadata":null,"flowChargedByPaygo":null,"flowclientsuspensionreason":"None","flowclientsuspensiontime":null,"flowclientsuspensionreasondetails":null,"creator":{"id":"02f63ae4-8b0e-478f-9cc2-542721a56e96","type":"User","tenantId":"4b06d2ac-b8c4-4c55-8f43-84b367972176"},"provisioningMethod":"FromDefinition","failureAlertSubscription":true,"clientLastModifiedTime":"2024-04-24T04:42:46.471375Z","connectionKeySavedTimeKey":"2024-04-24T04:42:46.471375Z"},"$schema":"https://schema.management.azure.com/providers/Microsoft.Logic/schemas/2016-06-01/workflowdefinition.json#","contentVersion":"undefined","parameters":{"$authentication":{"defaultValue":{},"type":"SecureObject"},"$connections":{"defaultValue":{},"type":"Object"}},"triggers":{"Recurrence":{"recurrence":{"frequency":"Hour","interval":1,"timeZone":"E. Australia Standard Time","startTime":"2024-04-02T00:01:00.000Z"},"metadata":{"operationMetadataId":"7cd29ad8-e083-4dd6-819c-21a27328b58d"},"type":"Recurrence"}},"actions":{"Initialize_SyncroDomain":{"runAfter":{},"metadata":{"operationMetadataId":"77dde2d4-6652-4cb3-adcb-75bc789fd8e6"},"type":"InitializeVariable","inputs":{"variables":[{"name":"SyncroDomain","type":"string","value":"hawkinsitsolutions"}]}},"Initialize_SyncroAPIKey":{"runAfter":{"Initialize_SyncroDomain":["Succeeded"]},"metadata":{"operationMetadataId":"0b57e029-325f-4b83-92db-fd13638e4511"},"type":"InitializeVariable","inputs":{"variables":[{"name":"SyncroAPIKey","type":"string","value":"changeme"}]}},"HTTP_-_Get_Tickets":{"runAfter":{"Initialize_SyncroAPIKey":["Succeeded"]},"metadata":{"operationMetadataId":"6bc2038e-dd6c-438c-8e4c-223d43da6150"},"type":"Http","inputs":{"uri":"https://@{variables('SyncroDomain')}.syncromsp.com/api/v1/tickets","method":"GET","headers":{"accepts":"application/json"},"queries":{"status":"Ready To Bill"},"authentication":{"type":"Raw","value":"Authorization: @{variables('SyncroAPIKey')}\n"}},"runtimeConfiguration":{"contentTransfer":{"transferMode":"Chunked"}}},"Parse_Ticket_List":{"runAfter":{"HTTP_-_Get_Tickets":["Succeeded"]},"metadata":{"operationMetadataId":"9aef5c59-3ec5-4c6e-be5b-eb7685fdc859"},"type":"ParseJson","inputs":{"content":"@body('HTTP_-_Get_Tickets')","schema":{"type":"object","properties":{"tickets":{"type":"array","items":{"type":"object","properties":{"id":{"type":"integer"},"number":{"type":"integer"},"subject":{"type":"string"},"created_at":{"type":"string"},"customer_id":{"type":"integer"},"customer_business_then_name":{"type":"string"},"due_date":{"type":"string"},"resolved_at":{},"start_at":{},"end_at":{},"location_id":{},"problem_type":{"type":"string"},"status":{"type":"string"},"ticket_type_id":{"type":"integer"},"properties":{"type":"object","properties":{"PO Number":{"type":"string"},"Quote Link":{"type":"string"},"ShippingID":{"type":"string"},"Ticket Automation Required":{"type":"string"}}},"user_id":{"type":"integer"},"updated_at":{"type":"string"},"pdf_url":{},"priority":{"type":"string"},"comments":{"type":"array","items":{"type":"object","properties":{"id":{"type":"integer"},"created_at":{"type":"string"},"updated_at":{"type":"string"},"ticket_id":{"type":"integer"},"subject":{"type":"string"},"body":{"type":"string"},"tech":{"type":["string","null"]},"hidden":{"type":"boolean"},"user_id":{}},"required":["id","created_at","updated_at","ticket_id","subject","body","hidden","user_id"]}},"user":{"type":"object","properties":{"id":{"type":"integer"},"email":{"type":"string"},"full_name":{"type":"string"},"created_at":{"type":"string"},"updated_at":{"type":"string"},"group":{"type":"string"},"admin?":{"type":"boolean"},"color":{"type":"string"}}}},"required":["id","number","subject","created_at","customer_id","customer_business_then_name","due_date","resolved_at","start_at","end_at","location_id","problem_type","status","ticket_type_id","properties","user_id","updated_at","pdf_url","priority","comments","user"]}},"meta":{"type":"object","properties":{"total_pages":{"type":"integer"},"page":{"type":"integer"}}}}}}},"Apply_to_each":{"foreach":"@body('Parse_Ticket_List')?['tickets']","actions":{"HTTP_-_Lookup_Ticket_Details":{"metadata":{"operationMetadataId":"292731b4-dff0-4b7b-81da-0d94348a6a73"},"type":"Http","inputs":{"uri":"https://@{variables('SyncroDomain')}.syncromsp.com/api/v1/tickets/@{items('Apply_to_each')?['id']}","method":"GET","headers":{"accepts":"application/json"},"authentication":{"type":"Raw","value":"Authorization: @{variables('SyncroAPIKey')}\n"}},"runtimeConfiguration":{"contentTransfer":{"transferMode":"Chunked"}}},"Parse_JSON":{"runAfter":{"HTTP_-_Lookup_Ticket_Details":["Succeeded"]},"metadata":{"operationMetadataId":"afaf64fa-41f4-40af-b2d8-4a3da3130e2a"},"type":"ParseJson","inputs":{"content":"@body('HTTP_-_Lookup_Ticket_Details')","schema":{"type":"object","properties":{"statusCode":{"type":"integer"},"headers":{"type":"object","properties":{"Date":{"type":"string"},"Transfer-Encoding":{"type":"string"},"Connection":{"type":"string"},"X-Frame-Options":{"type":"string"},"X-XSS-Protection":{"type":"string"},"X-Content-Type-Options":{"type":"string"},"X-Download-Options":{"type":"string"},"X-Permitted-Cross-Domain-Policies":{"type":"string"},"Referrer-Policy":{"type":"string"},"Cache-Control":{"type":"string"},"Access-Control-Allow-Origin":{"type":"string"},"Access-Control-Allow-Methods":{"type":"string"},"Access-Control-Allow-Headers":{"type":"string"},"ETag":{"type":"string"},"Content-Security-Policy":{"type":"string"},"X-Request-ID":{"type":"string"},"X-Runtime":{"type":"string"},"X-S-Info":{"type":"string"},"Vary":{"type":"string"},"CF-Cache-Status":{"type":"string"},"Set-Cookie":{"type":"string"},"Server":{"type":"string"},"CF-RAY":{"type":"string"},"Content-Type":{"type":"string"},"Content-Length":{"type":"string"}}},"body":{"type":"object","properties":{"ticket":{"type":"object","properties":{"id":{"type":"integer"},"number":{"type":"integer"},"subject":{"type":"string"},"created_at":{"type":"string"},"customer_id":{"type":"integer"},"customer_business_then_name":{"type":"string"},"due_date":{"type":"string"},"start_at":{},"end_at":{},"location_id":{},"problem_type":{"type":"string"},"status":{"type":"string"},"properties":{"type":"object","properties":{"PO Number":{"type":"string"},"Quote Link":{"type":"string"},"ShippingID":{"type":"string"},"Ticket Automation Required":{"type":"string"}}},"user_id":{"type":"integer"},"updated_at":{"type":"string"},"pdf_url":{},"intake_form_html":{},"signature_name":{},"signature_date":{},"asset_ids":{"type":"array"},"priority":{"type":"string"},"resolved_at":{},"outtake_form_name":{},"outtake_form_date":{},"outtake_form_html":{},"address":{},"comments":{"type":"array","items":{"type":"object","properties":{"id":{"type":"integer"},"created_at":{"type":"string"},"updated_at":{"type":"string"},"ticket_id":{"type":"integer"},"subject":{"type":"string"},"body":{"type":"string"},"tech":{"type":"string"},"hidden":{"type":"boolean"},"user_id":{"type":"integer"}},"required":["id","created_at","updated_at","ticket_id","subject","body","tech","hidden","user_id"]}},"attachments":{"type":"array"},"ticket_timers":{"type":"array","items":{"type":"object","properties":{"id":{"type":"integer"},"ticket_id":{"type":"integer"},"user_id":{"type":"integer"},"start_time":{"type":"string"},"end_time":{"type":"string"},"recorded":{"type":"boolean"},"created_at":{"type":"string"},"updated_at":{"type":"string"},"billable":{"type":"boolean"},"notes":{"type":"string"},"toggl_id":{},"product_id":{"type":"integer"},"comment_id":{"type":"integer"},"ticket_line_item_id":{"type":"integer"},"active_duration":{"type":"integer"},"since_updated_at":{"type":"string"}},"required":["id","ticket_id","user_id","start_time","end_time","recorded","created_at","updated_at","billable","notes","toggl_id","product_id","comment_id","ticket_line_item_id","active_duration","since_updated_at"]}},"line_items":{"type":"array","items":{"type":"object","properties":{"id":{"type":"integer"},"ticket_id":{"type":"integer"},"user_id":{"type":"integer"},"product_id":{"type":"integer"},"name":{"type":"string"},"description":{"type":"string"},"quantity":{"type":"string"},"product_category":{"type":"string"},"upc_code":{"type":"string"},"taxable":{"type":"boolean"},"cost_cents":{"type":"integer"},"retail_cents":{"type":"integer"},"created_at":{"type":"string"},"updated_at":{"type":"string"},"converted":{"type":"boolean"},"item_id":{},"position":{"type":"integer"},"estimate_line_item_id":{},"old_price":{},"line_discount_percent":{},"discount_dollars":{},"original_ticket_line_item_id":{},"price_cost":{"type":"integer"},"price_retail":{"type":"integer"}},"required":["id","ticket_id","user_id","product_id","name","description","quantity","product_category","upc_code","taxable","cost_cents","retail_cents","created_at","updated_at","converted","item_id","position","estimate_line_item_id","old_price","line_discount_percent","discount_dollars","original_ticket_line_item_id","price_cost","price_retail"]}},"worksheet_results":{"type":"array"},"assets":{"type":"array"},"appointments":{"type":"array"},"ticket_fields":{"type":"array","items":{"type":"object","properties":{"id":{"type":"integer"},"name":{"type":"string"},"field_type":{"type":"string"},"required":{"type":"boolean"},"account_id":{"type":"integer"},"created_at":{"type":"string"},"updated_at":{"type":"string"},"ticket_type_id":{"type":"integer"},"hidden":{"type":"boolean"},"position":{},"answers":{"type":"array"}},"required":["id","name","field_type","required","account_id","created_at","updated_at","ticket_type_id","hidden","position","answers"]}},"ticket_answers":{"type":"array","items":{"type":"object","properties":{"ticket_field_id":{"type":"integer"},"content":{"type":"string"},"created_at":{"type":"string"},"updated_at":{"type":"string"},"account_id":{},"id":{"type":"integer"}},"required":["ticket_field_id","content","created_at","updated_at","account_id","id"]}},"customer":{"type":"object","properties":{"id":{"type":"integer"},"firstname":{},"lastname":{},"fullname":{"type":"string"},"business_name":{"type":"string"},"email":{},"phone":{},"mobile":{},"created_at":{"type":"string"},"updated_at":{"type":"string"},"pdf_url":{},"address":{"type":"string"},"address_2":{"type":"string"},"city":{"type":"string"},"state":{"type":"string"},"zip":{"type":"string"},"latitude":{},"longitude":{},"notes":{},"get_sms":{"type":"boolean"},"opt_out":{"type":"boolean"},"disabled":{"type":"boolean"},"no_email":{"type":"boolean"},"location_name":{},"location_id":{},"properties":{"type":"object","properties":{"Bitdefender Key":{"type":"string"},"notification_billing":{"type":"string"},"notification_reports":{"type":"string"},"notification_marketing":{"type":"string"}}},"online_profile_url":{},"tax_rate_id":{},"notification_email":{"type":"string"},"invoice_cc_emails":{"type":"string"},"invoice_term_id":{},"referred_by":{"type":"string"},"ref_customer_id":{},"business_and_full_name":{"type":"string"},"business_then_name":{"type":"string"},"contacts":{"type":"array","items":{"type":"object","properties":{"id":{"type":"integer"},"name":{"type":"string"},"address1":{"type":"string"},"address2":{"type":"string"},"city":{"type":"string"},"state":{"type":"string"},"zip":{"type":"string"},"email":{"type":"string"},"phone":{"type":"string"},"mobile":{"type":"string"},"latitude":{},"longitude":{},"customer_id":{"type":"integer"},"account_id":{"type":"integer"},"notes":{"type":"string"},"created_at":{"type":"string"},"updated_at":{"type":"string"},"vendor_id":{},"properties":{"type":"object","properties":{"title":{"type":"string"},"direct_report":{"type":"string"},"notification_billing":{"type":"string"},"notification_reports":{"type":"string"},"notification_marketing":{"type":"string"}}},"opt_out":{"type":"boolean"},"extension":{"type":"string"},"processed_phone":{"type":"string"},"processed_mobile":{"type":"string"},"ticket_matching_emails":{"type":"string"},"since_updated_at":{"type":"string"}},"required":["id","name","address1","address2","city","state","zip","email","phone","mobile","latitude","longitude","customer_id","account_id","notes","created_at","updated_at","vendor_id","properties","opt_out","extension","processed_phone","processed_mobile","ticket_matching_emails","since_updated_at"]}}}},"contact":{"type":"object","properties":{"id":{"type":"integer"},"name":{"type":"string"},"address1":{"type":"string"},"address2":{"type":"string"},"city":{"type":"string"},"state":{"type":"string"},"zip":{"type":"string"},"email":{"type":"string"},"phone":{"type":"string"},"mobile":{"type":"string"},"latitude":{},"longitude":{},"customer_id":{"type":"integer"},"account_id":{"type":"integer"},"notes":{"type":"string"},"created_at":{"type":"string"},"updated_at":{"type":"string"},"vendor_id":{},"properties":{"type":"object","properties":{"title":{"type":"string"},"direct_report":{"type":"string"},"notification_billing":{"type":"string"},"notification_reports":{"type":"string"},"notification_marketing":{"type":"string"}}},"opt_out":{"type":"boolean"},"extension":{"type":"string"},"processed_phone":{"type":"string"},"processed_mobile":{"type":"string"},"ticket_matching_emails":{"type":"string"},"since_updated_at":{"type":"string"}}},"user":{"type":"object","properties":{"id":{"type":"integer"},"email":{"type":"string"},"full_name":{"type":"string"},"created_at":{"type":"string"},"updated_at":{"type":"string"},"group":{"type":"string"},"admin?":{"type":"boolean"},"color":{"type":"string"}}},"ticket_type":{"type":"object","properties":{"name":{"type":"string"},"account_id":{"type":"integer"},"created_at":{"type":"string"},"updated_at":{"type":"string"},"disabled":{"type":"boolean"},"intake_terms":{},"skip_intake":{"type":"boolean"},"outtake_terms":{},"skip_outtake":{"type":"boolean"},"id":{"type":"integer"},"ticket_fields":{"type":"array","items":{"type":"object","properties":{"id":{"type":"integer"},"name":{"type":"string"},"field_type":{"type":"string"},"required":{"type":"boolean"},"account_id":{"type":"integer"},"created_at":{"type":"string"},"updated_at":{"type":"string"},"ticket_type_id":{"type":"integer"},"hidden":{"type":"boolean"},"position":{},"answers":{"type":"array"}},"required":["id","name","field_type","required","account_id","created_at","updated_at","ticket_type_id","hidden","position","answers"]}}}}}}}}}}}},"For_each_1":{"foreach":"@outputs('Parse_JSON')?['body']?['ticket']?['line_items']","actions":{"Append_to_array_variable_1":{"metadata":{"operationMetadataId":"51ed2273-17f5-4057-b072-217ac1e79c84"},"type":"AppendToArrayVariable","inputs":{"name":"arrLineItems","value":"@items('For_each_1')"}}},"runAfter":{"Clear_QtyRemote":["Succeeded"]},"metadata":{"operationMetadataId":"521b5d76-0fd9-424f-8e91-958730b3f888"},"type":"Foreach"},"Apply_to_each_1":{"foreach":"@variables('arrLineItems')","actions":{"Set_varLineItemQty":{"runAfter":{"Compose":["Succeeded"]},"metadata":{"operationMetadataId":"c1a2dcb1-020f-4938-b614-ec385e696416"},"type":"SetVariable","inputs":{"name":"varLineItemQty","value":"@outputs('Compose')"}},"Set_varLineItemProductCode":{"runAfter":{"Set_varLineItemQty":["Succeeded"]},"metadata":{"operationMetadataId":"2d97cd2d-9fec-4a5f-8035-7cd833d153fc"},"type":"SetVariable","inputs":{"name":"varLineItemProductCode","value":"@{item()?['product_id']}"}},"Switch":{"runAfter":{"Set_varTicketID":["Succeeded"]},"cases":{"Case_-_Remote":{"case":17073619,"actions":{"Increment_variable_copy":{"metadata":{"operationMetadataId":"75ea974f-9415-4b53-9186-4e85ac69fce6"},"type":"IncrementVariable","inputs":{"name":"QtyRemote","value":"@variables('varLineItemQty')"}}}},"Case_-_On-Site":{"case":17073618,"actions":{"Increment_variable":{"metadata":{"operationMetadataId":"be550010-668d-4aeb-a616-1bf53d8034e3"},"type":"IncrementVariable","inputs":{"name":"QtyOnSite","value":"@variables('varLineItemQty')"}}}},"Case_-_After_hours":{"case":17073326,"actions":{"Increment_variable_copy_1":{"metadata":{"operationMetadataId":"804f5cb2-7632-459b-bba7-e2db1502c9a3"},"type":"IncrementVariable","inputs":{"name":"QtyAfterHours","value":"@variables('varLineItemQty')"}}}},"Case_-_Travel":{"case":20087740,"actions":{"Increment_variable_copy_2":{"metadata":{"operationMetadataId":"b9783521-9e41-40e8-991e-9613598ea10a"},"type":"IncrementVariable","inputs":{"name":"QtyTravel","value":"@variables('varLineItemQty')"}}}}},"default":{"actions":{}},"expression":"@int(variables('varLineItemProductCode'))","metadata":{"operationMetadataId":"9030b953-b78c-4f6c-a68e-20049c58505a"},"type":"Switch"},"Compose":{"metadata":{"operationMetadataId":"2da98fa8-88dd-4d76-8a6e-43b87ca4fd12"},"type":"Compose","inputs":"@float(item()?['quantity'])"},"Set_varLineID":{"runAfter":{"Set_varLineItemProductCode":["Succeeded"]},"metadata":{"operationMetadataId":"af959c24-1947-4170-89f8-ada330a0ad57"},"type":"SetVariable","inputs":{"name":"varLineID","value":"@{item()?['id']}"}},"HTTP_-_Delete_Line_Items":{"runAfter":{"Switch":["Succeeded"]},"metadata":{"operationMetadataId":"292731b4-dff0-4b7b-81da-0d94348a6a73"},"type":"Http","inputs":{"uri":"https://@{variables('SyncroDomain')}.syncromsp.com/api/v1/tickets/@{variables('varTicketID')}/remove_line_item","method":"POST","headers":{"accepts":"application/json"},"queries":{"ticket_line_item_id":"@{variables('varLineID')}"},"authentication":{"type":"Raw","value":"Authorization: @{variables('SyncroAPIKey')}\n"}},"runtimeConfiguration":{"contentTransfer":{"transferMode":"Chunked"}}},"Set_varTicketID":{"runAfter":{"Set_varLineID":["Succeeded"]},"metadata":{"operationMetadataId":"c1ae350f-4978-4beb-baa9-93e31c9aa589"},"type":"SetVariable","inputs":{"name":"varTicketID","value":"@{item()?['ticket_id']}"}}},"runAfter":{"For_each_1":["Succeeded"]},"metadata":{"operationMetadataId":"f7a277b6-4303-4e8d-b706-ca809252b21c"},"type":"Foreach"},"Apply_to_each_2":{"foreach":"@variables('arrNewTimeEntries')","actions":{"HTTP_-_Charge_Line_Items":{"metadata":{"operationMetadataId":"292731b4-dff0-4b7b-81da-0d94348a6a73"},"type":"Http","inputs":{"uri":"https://@{variables('SyncroDomain')}.syncromsp.com/api/v1/tickets/@{variables('varTicketID')}/charge_timer_entry","method":"POST","headers":{"accepts":"application/json"},"queries":{"timer_entry_id":"@{items('Apply_to_each_2')}"},"authentication":{"type":"Raw","value":"Authorization: @{variables('SyncroAPIKey')}\n"}},"runtimeConfiguration":{"contentTransfer":{"transferMode":"Chunked"}}}},"runAfter":{"Condition_-_Travel":["Succeeded","Skipped","Failed"]},"metadata":{"operationMetadataId":"84a1f12f-4db5-4881-997b-050169a0b0dd"},"type":"Foreach"},"Condition_-_Remote":{"actions":{"HTTP_-_Add_Line_Item_Remote":{"metadata":{"operationMetadataId":"292731b4-dff0-4b7b-81da-0d94348a6a73"},"type":"Http","inputs":{"uri":"https://@{variables('SyncroDomain')}.syncromsp.com/api/v1/tickets/@{variables('varTicketID')}/timer_entry","method":"POST","headers":{"accepts":"application/json"},"queries":{"product_id":"17073619","duration_minutes":"@{div(variables('QtyRemote'),0.016)}","notes":"Remote Support","start_at":"@{utcNow()}"},"authentication":{"type":"Raw","value":"Authorization: @{variables('SyncroAPIKey')}\n"}},"runtimeConfiguration":{"contentTransfer":{"transferMode":"Chunked"}}},"Parse_JSON_1":{"runAfter":{"HTTP_-_Add_Line_Item_Remote":["Succeeded"]},"metadata":{"operationMetadataId":"4798c86a-c076-406e-a33a-20c50cb68a61"},"type":"ParseJson","inputs":{"content":"@body('HTTP_-_Add_Line_Item_Remote')","schema":{"type":"object","properties":{"id":{"type":"integer"},"ticket_id":{"type":"integer"},"user_id":{"type":"integer"},"start_time":{"type":"string"},"end_time":{"type":"string"},"recorded":{"type":"boolean"},"created_at":{"type":"string"},"updated_at":{"type":"string"},"billable":{"type":"boolean"},"notes":{"type":"string"},"toggl_id":{},"product_id":{"type":"integer"},"comment_id":{},"ticket_line_item_id":{},"active_duration":{"type":"integer"},"since_updated_at":{"type":"string"}}}}},"Append_to_array_variable_2":{"runAfter":{"Parse_JSON_1":["Succeeded"]},"metadata":{"operationMetadataId":"ba4eb1bf-9df2-446e-931f-b7f895c75fc7"},"type":"AppendToArrayVariable","inputs":{"name":"arrNewTimeEntries","value":"@body('Parse_JSON_1')?['id']"}}},"runAfter":{"Apply_to_each_1":["Succeeded"]},"else":{"actions":{}},"expression":{"and":[{"greater":["@variables('QtyRemote')",0]}]},"metadata":{"operationMetadataId":"9d682e61-313b-44c4-b540-7f6b2e6d6052"},"type":"If"},"Condition_-_On_Site":{"actions":{"HTTP_-_Add_Line_Item_On_Site":{"metadata":{"operationMetadataId":"292731b4-dff0-4b7b-81da-0d94348a6a73"},"type":"Http","inputs":{"uri":"https://@{variables('SyncroDomain')}.syncromsp.com/api/v1/tickets/@{variables('varTicketID')}/timer_entry","method":"POST","headers":{"accepts":"application/json"},"queries":{"product_id":"17073618","duration_minutes":"@{div(variables('QtyOnSite'),0.016)}","notes":"On Site Support","start_at":"@{utcNow()}"},"authentication":{"type":"Raw","value":"Authorization: @{variables('SyncroAPIKey')}\n"}},"runtimeConfiguration":{"contentTransfer":{"transferMode":"Chunked"}}},"Parse_JSON_1_copy":{"runAfter":{"HTTP_-_Add_Line_Item_On_Site":["Succeeded"]},"metadata":{"operationMetadataId":"6fc07485-8f5e-4541-97f3-bce9186fa1b4"},"type":"ParseJson","inputs":{"content":"@body('HTTP_-_Add_Line_Item_On_Site')","schema":{"type":"object","properties":{"id":{"type":"integer"},"ticket_id":{"type":"integer"},"user_id":{"type":"integer"},"start_time":{"type":"string"},"end_time":{"type":"string"},"recorded":{"type":"boolean"},"created_at":{"type":"string"},"updated_at":{"type":"string"},"billable":{"type":"boolean"},"notes":{"type":"string"},"toggl_id":{},"product_id":{"type":"integer"},"comment_id":{},"ticket_line_item_id":{},"active_duration":{"type":"integer"},"since_updated_at":{"type":"string"}}}}},"Append_to_array_variable_2_copy":{"runAfter":{"Parse_JSON_1_copy":["Succeeded"]},"metadata":{"operationMetadataId":"61e96712-2e05-4c39-8bea-2ff9053d3d85"},"type":"AppendToArrayVariable","inputs":{"name":"arrNewTimeEntries","value":"@body('Parse_JSON_1_copy')?['id']"}}},"runAfter":{"Condition_-_Remote":["Succeeded"]},"else":{"actions":{}},"expression":{"and":[{"greater":["@variables('QtyOnSite')",0]}]},"metadata":{"operationMetadataId":"5f05b286-8f0d-4023-b26e-82a08624593e"},"type":"If"},"Condition_-_After_Hours":{"actions":{"HTTP_-_Add_Line_Item_After_Hours":{"metadata":{"operationMetadataId":"292731b4-dff0-4b7b-81da-0d94348a6a73"},"type":"Http","inputs":{"uri":"https://@{variables('SyncroDomain')}.syncromsp.com/api/v1/tickets/@{variables('varTicketID')}/timer_entry","method":"POST","headers":{"accepts":"application/json"},"queries":{"product_id":"17073326","duration_minutes":"@{div(variables('QtyAfterHours'),0.016)}","notes":"After Hours Support","start_at":"@{utcNow()}"},"authentication":{"type":"Raw","value":"Authorization: @{variables('SyncroAPIKey')}\n"}},"runtimeConfiguration":{"contentTransfer":{"transferMode":"Chunked"}}},"Parse_JSON_1_copy_1":{"runAfter":{"HTTP_-_Add_Line_Item_After_Hours":["Succeeded"]},"metadata":{"operationMetadataId":"af2277ed-6dfb-43bc-ab72-2486ed2083fa"},"type":"ParseJson","inputs":{"content":"@body('HTTP_-_Add_Line_Item_After_Hours')","schema":{"type":"object","properties":{"id":{"type":"integer"},"ticket_id":{"type":"integer"},"user_id":{"type":"integer"},"start_time":{"type":"string"},"end_time":{"type":"string"},"recorded":{"type":"boolean"},"created_at":{"type":"string"},"updated_at":{"type":"string"},"billable":{"type":"boolean"},"notes":{"type":"string"},"toggl_id":{},"product_id":{"type":"integer"},"comment_id":{},"ticket_line_item_id":{},"active_duration":{"type":"integer"},"since_updated_at":{"type":"string"}}}}},"Append_to_array_variable_2_copy_1":{"runAfter":{"Parse_JSON_1_copy_1":["Succeeded"]},"metadata":{"operationMetadataId":"98bc70e4-cca3-4627-8f4f-da9c28586ef7"},"type":"AppendToArrayVariable","inputs":{"name":"arrNewTimeEntries","value":"@body('Parse_JSON_1_copy_1')?['id']"}}},"runAfter":{"Condition_-_On_Site":["Succeeded"]},"else":{"actions":{}},"expression":{"and":[{"greater":["@variables('QtyAfterHours')",0]}]},"metadata":{"operationMetadataId":"eb33d24d-b2a0-4d45-bab6-8952f52ef2cb"},"type":"If"},"Condition_-_Travel":{"actions":{"HTTP_-_Add_Line_Item_Travel":{"metadata":{"operationMetadataId":"292731b4-dff0-4b7b-81da-0d94348a6a73"},"type":"Http","inputs":{"uri":"https://@{variables('SyncroDomain')}.syncromsp.com/api/v1/tickets/@{variables('varTicketID')}/timer_entry","method":"POST","headers":{"accepts":"application/json"},"queries":{"product_id":"20087740","duration_minutes":"@{div(variables('QtyTravel'),0.016)}","notes":"Travel","start_at":"@{utcNow()}"},"authentication":{"type":"Raw","value":"Authorization: @{variables('SyncroAPIKey')}\n"}},"runtimeConfiguration":{"contentTransfer":{"transferMode":"Chunked"}}},"Parse_JSON_1_copy_2":{"runAfter":{"HTTP_-_Add_Line_Item_Travel":["Succeeded"]},"metadata":{"operationMetadataId":"73a7ed72-5bb6-4ba9-8d30-1cd9131671b4"},"type":"ParseJson","inputs":{"content":"@body('HTTP_-_Add_Line_Item_Travel')","schema":{"type":"object","properties":{"id":{"type":"integer"},"ticket_id":{"type":"integer"},"user_id":{"type":"integer"},"start_time":{"type":"string"},"end_time":{"type":"string"},"recorded":{"type":"boolean"},"created_at":{"type":"string"},"updated_at":{"type":"string"},"billable":{"type":"boolean"},"notes":{"type":"string"},"toggl_id":{},"product_id":{"type":"integer"},"comment_id":{},"ticket_line_item_id":{},"active_duration":{"type":"integer"},"since_updated_at":{"type":"string"}}}}},"Append_to_array_variable_2_copy_2":{"runAfter":{"Parse_JSON_1_copy_2":["Succeeded"]},"metadata":{"operationMetadataId":"a7df862c-9648-4fc8-a391-77b23269944d"},"type":"AppendToArrayVariable","inputs":{"name":"arrNewTimeEntries","value":"@body('Parse_JSON_1_copy_2')?['id']"}}},"runAfter":{"Condition_-_After_Hours":["Succeeded"]},"else":{"actions":{}},"expression":{"and":[{"greater":["@variables('QtyTravel')",0]}]},"metadata":{"operationMetadataId":"3bb069c8-09da-4173-8912-c018b628fc02"},"type":"If"},"HTTP_-_Resolve_Ticket":{"runAfter":{"Post_message_in_a_chat_or_channel_copy":["Succeeded"]},"metadata":{"operationMetadataId":"858d95ae-d976-47bb-98c1-3aa9c81dd14c"},"type":"Http","inputs":{"uri":"https://@{variables('SyncroDomain')}.syncromsp.com/api/v1/tickets/@{variables('varTicketID')}","method":"PUT","headers":{"accepts":"application/json"},"queries":{"status":"Resolved"},"authentication":{"type":"Raw","value":"Authorization: @{variables('SyncroAPIKey')}\n"}},"runtimeConfiguration":{"contentTransfer":{"transferMode":"Chunked"}}},"Clear_arrLines":{"runAfter":{"Parse_JSON":["Succeeded"]},"metadata":{"operationMetadataId":"28f8374c-9d23-47b7-b9ab-13c395a225e5"},"type":"SetVariable","inputs":{"name":"arrLineItems","value":[]}},"Post_message_in_a_chat_or_channel_copy":{"runAfter":{"Apply_to_each_2":["Succeeded"]},"metadata":{"operationMetadataId":"f5c720e3-64d9-4e64-b0d9-060d0adb6dd8"},"type":"OpenApiConnection","inputs":{"parameters":{"poster":"Flow bot","location":"Channel","body/recipient/groupId":"df410765-55c5-4be5-9ff2-4ff1ff51fe24","body/recipient/channelId":"19:58043d5101614735b992d021f9f380a0@thread.tacv2","body/messageBody":"<p><a href=\"https://\">https://@{variables('SyncroDomain')}.syncromsp.com/tickets/@{variables('varTicketID')}</a></p>"},"host":{"apiId":"/providers/Microsoft.PowerApps/apis/shared_teams","connectionName":"shared_teams","operationId":"PostMessageToConversation"},"authentication":"@parameters('$authentication')"}},"Clear_arrNewTimeEntries":{"runAfter":{"Clear_arrLines":["Succeeded"]},"metadata":{"operationMetadataId":"557291a0-6b40-46ea-9f42-de53b5df2338"},"type":"SetVariable","inputs":{"name":"arrNewTimeEntries","value":[]}},"Clear_QtyTravel":{"runAfter":{"Clear_arrNewTimeEntries":["Succeeded"]},"metadata":{"operationMetadataId":"557291a0-6b40-46ea-9f42-de53b5df2338"},"type":"SetVariable","inputs":{"name":"QtyTravel","value":0}},"Clear_QtyAfterHours":{"runAfter":{"Clear_QtyTravel":["Succeeded"]},"metadata":{"operationMetadataId":"557291a0-6b40-46ea-9f42-de53b5df2338"},"type":"SetVariable","inputs":{"name":"QtyAfterHours","value":0}},"Clear_QtyOnSite":{"runAfter":{"Clear_QtyAfterHours":["Succeeded"]},"metadata":{"operationMetadataId":"557291a0-6b40-46ea-9f42-de53b5df2338"},"type":"SetVariable","inputs":{"name":"QtyOnSite","value":0}},"Clear_QtyRemote":{"runAfter":{"Clear_QtyOnSite":["Succeeded"]},"metadata":{"operationMetadataId":"557291a0-6b40-46ea-9f42-de53b5df2338"},"type":"SetVariable","inputs":{"name":"QtyRemote","value":0}}},"runAfter":{"Initialize_variable":["Succeeded"]},"metadata":{"operationMetadataId":"b609ce68-79bb-4a51-90f6-ecfcbd889706"},"type":"Foreach"},"Initialize_arrLineItems":{"runAfter":{"Parse_Ticket_List":["Succeeded"]},"metadata":{"operationMetadataId":"8e949f3e-c5b3-46a4-85a5-428435222341"},"type":"InitializeVariable","inputs":{"variables":[{"name":"arrLineItems","type":"array"}]}},"Initialize_varLineItemQty":{"runAfter":{"Initialize_arrLineItems":["Succeeded"]},"metadata":{"operationMetadataId":"e57ec263-3741-45aa-ad40-d9c9e6193c77"},"type":"InitializeVariable","inputs":{"variables":[{"name":"varLineItemQty","type":"float","value":0}]}},"Initialize_varLineItemProductCode":{"runAfter":{"Initialize_varLineItemQty":["Succeeded"]},"metadata":{"operationMetadataId":"f01571a9-f0ba-484d-9449-397c1dc9eb4f"},"type":"InitializeVariable","inputs":{"variables":[{"name":"varLineItemProductCode","type":"string"}]}},"Initialize_varLineItemDescription":{"runAfter":{"Initialize_varLineItemProductCode":["Succeeded"]},"metadata":{"operationMetadataId":"8d0ae632-789b-40c8-b1ef-cfaba5ed02d8"},"type":"InitializeVariable","inputs":{"variables":[{"name":"varLineItemDescription","type":"array","value":[{"17073619":"Remote Support"},{"17073618":"On-Site Support"},{"17073326":"After Hours Support"},{"20087740":"Travel"}]}]}},"Initialize_QtyRemote":{"runAfter":{"Initialize_varLineItemDescription":["Succeeded"]},"metadata":{"operationMetadataId":"fe4cae50-5c0f-40db-8804-6a6e605c7ee3"},"type":"InitializeVariable","inputs":{"variables":[{"name":"QtyRemote","type":"float","value":0}]}},"Initialize_QtyOnSite":{"runAfter":{"Initialize_QtyRemote":["Succeeded"]},"metadata":{"operationMetadataId":"75da8438-146d-4ed7-bb55-e2f64385237c"},"type":"InitializeVariable","inputs":{"variables":[{"name":"QtyOnSite","type":"float","value":0}]}},"Initialize_QtyAfterHours":{"runAfter":{"Initialize_QtyOnSite":["Succeeded"]},"metadata":{"operationMetadataId":"daeb8916-4e91-483d-bceb-1c69301bd8ae"},"type":"InitializeVariable","inputs":{"variables":[{"name":"QtyAfterHours","type":"float","value":0}]}},"Initialize_QtyTravel":{"runAfter":{"Initialize_QtyAfterHours":["Succeeded"]},"metadata":{"operationMetadataId":"fa1a6fae-da7d-4a09-9950-94c7ada138a6"},"type":"InitializeVariable","inputs":{"variables":[{"name":"QtyTravel","type":"float","value":0}]}},"Initialize_varLineID":{"runAfter":{"Initialize_QtyTravel":["Succeeded"]},"metadata":{"operationMetadataId":"d85e4cf4-0ac2-4b28-be1d-1dd51acfd2e2"},"type":"InitializeVariable","inputs":{"variables":[{"name":"varLineID","type":"string"}]}},"Initialize_varTicketID":{"runAfter":{"Initialize_varLineID":["Succeeded"]},"metadata":{"operationMetadataId":"f6740e74-f488-4dd6-89a0-9153b6cae5ec"},"type":"InitializeVariable","inputs":{"variables":[{"name":"varTicketID","type":"string"}]}},"Initialize_variable":{"runAfter":{"Initialize_varTicketID":["Succeeded"]},"metadata":{"operationMetadataId":"829dd0c1-9502-4c20-a4ff-a8275b7e1ccb"},"type":"InitializeVariable","inputs":{"variables":[{"name":"arrNewTimeEntries","type":"array"}]}}}},"connectionReferences":{"shared_teams":{"connectionName":"shared-teams-9c09368d-fcc9-4056-9ac3-e5a08b91cba9","source":"Embedded","id":"/providers/Microsoft.PowerApps/apis/shared_teams","tier":"NotSpecified"}},"flowFailureAlertSubscribed":false,"isManaged":false}}